{
    "loss": 4.957117080688477,
    "accuracy": 0.7843137383460999
}